{
  "exemplo": {
    "name": "Empresa Exemplo",
    "subdomain": "exemplo.nay.com",
    "registered_at": "2025-01-08T00:00:00",
    "email_types": [
      "noreply",
      "suporte",
      "verificacao",
      "notificacoes"
    ],
    "info": {
      "type": "demonstration",
      "auto_registered": false,
      "description": "Empresa de demonstração do sistema"
    }
  },
  "sistemagmail": {
    "name": "Sistema Gmail",
    "subdomain": "sistemagmail.nay.com",
    "registered_at": "2025-06-08T18:17:47.003381",
    "email_types": [
      "noreply",
      "suporte",
      "verificacao",
      "notificacoes"
    ],
    "info": {
      "type": "password_recovery",
      "auto_registered": true
    }
  }
}