[
  {
    "id": "e65f2322-ccfc-4bbe-8251-97282be0ba8a",
    "from": "contato@empresa.com",
    "to": "usuario@gmail.com",
    "subject": "Bem-vindo ao nosso sistema!",
    "body": "Olá! Bem-vindo ao nosso sistema de email. Esperamos que você tenha uma ótima experiência usando nossa plataforma.",
    "date": "2025-06-07T23:16:30.836248",
    "read": true,
    "starred": false,
    "folder": "inbox"
  },
  {
    "id": "05ff9361-f58e-4c65-9d81-5803e9a79ba3",
    "from": "suporte@sistema.com",
    "to": "usuario@gmail.com",
    "subject": "Configuração da sua conta",
    "body": "Sua conta foi configurada com sucesso. Você já pode começar a usar todos os recursos disponíveis.",
    "date": "2025-06-07T20:16:30.836260",
    "read": true,
    "starred": true,
    "folder": "inbox"
  },
  {
    "id": "28f9e74b-eb64-4a58-b598-d9aa9951b055",
    "from": "usuario@gmail.com",
    "to": "cliente@exemplo.com",
    "subject": "Resposta sobre o projeto",
    "body": "Obrigado pelo seu interesse. Vamos analisar sua proposta e retornar em breve.",
    "date": "2025-06-08T00:16:30.836266",
    "read": true,
    "starred": false,
    "folder": "sent"
  },
  {
    "id": "58ed356b-6485-4219-921f-e2c02ca448b3",
    "from": "contato@parceiro.com",
    "to": "usuario@gmail.com",
    "subject": "Convite para evento",
    "body": "Você está convidado para nosso evento especial.",
    "date": "2025-06-08T01:17:30.837090",
    "read": true,
    "starred": false,
    "folder": "inbox"
  },
  {
    "id": "94e32177-93b5-4b0b-bc6c-2180d947386c",
    "from": "newsletter@empresa.com",
    "to": "usuario@gmail.com",
    "subject": "Novidades da semana",
    "body": "Confira as novidades desta semana em nosso site.",
    "date": "2025-06-08T01:19:32.035789",
    "read": false,
    "starred": false,
    "folder": "inbox"
  },
  {
    "id": "467137b1-4a3a-44ef-952b-a34acb22cb27",
    "from": "suport.com@gmail.oficial",
    "to": "lindembergs297@dono",
    "subject": "Bem-vindo ao Sistema Gmail!",
    "body": "Olá Lindembergs297!\n\nBem-vindo ao nosso sistema de email independente. Sua conta foi criada com sucesso.\n\nSeu ID único: user_003\n\nAproveite todos os recursos disponíveis!\n\nAtenciosamente,\nEquipe Sistema Gmail",
    "date": "2025-06-08T01:28:15.372452",
    "read": true,
    "starred": false,
    "folder": "inbox"
  },
  {
    "id": "3b6bb058-bdfc-44c4-bc82-b331218d5bd5",
    "from": "suport.com@gmail.oficial",
    "to": "lindembergs038@gmail.com",
    "subject": "sou o dono ",
    "body": "Kk",
    "date": "2025-06-08T01:34:59.074559",
    "read": true,
    "starred": false,
    "folder": "sent"
  },
  {
    "id": "08c63c65-1e75-4cc1-ae05-f2e7fa5e702c",
    "from": "sistema@gmail.oficial",
    "to": "suport.com@gmail.oficial",
    "subject": "[LOG] Nova conta criada: lindembergs038@gmail.com",
    "body": "Nova conta foi criada no sistema:\n\nEmail: lindembergs038@gmail.com\nNome: Lindembergs038\nID: user_004\nData: 08/06/2025 às 01:35:26\n\nEsta é uma notificação automática do sistema.",
    "date": "2025-06-08T01:35:26.194930",
    "read": true,
    "starred": false,
    "folder": "inbox"
  },
  {
    "id": "a71a5bb2-8829-4ec7-b632-bb497bc9fe03",
    "from": "suport.com@gmail.oficial",
    "to": "lindembergs038@gmail.com",
    "subject": "Bem-vindo ao Sistema Gmail!",
    "body": "Olá Lindembergs038!\n\nBem-vindo ao nosso sistema de email independente. Sua conta foi criada com sucesso.\n\nSeu ID único: user_004\n\nAproveite todos os recursos disponíveis!\n\nAtenciosamente,\nEquipe Sistema Gmail",
    "date": "2025-06-08T01:35:26.201524",
    "read": true,
    "starred": false,
    "folder": "inbox"
  },
  {
    "id": "3d9df02b-fc8d-4989-80c5-6131b9e8cab8",
    "from": "lindembergs038@gmail.com",
    "to": "suport.com@gmail.oficial",
    "subject": "Fds",
    "body": "Fds ",
    "date": "2025-06-08T01:36:51.636931",
    "read": true,
    "starred": true,
    "folder": "sent",
    "highlighted": false
  },
  {
    "id": "2a8d8949-ef93-4ed6-b48c-9938f269aebd",
    "from": "verificacao@meusite.com",
    "to": "lindembergs038@gmail.com",
    "subject": "🔐 Verificação de Conta - Meu Site",
    "body": "🔐 Verificação de Conta - Meu Site\n\nOlá!\n\nVocê solicitou verificação de conta no site Meu Site.\n\n📋 DETALHES DA VERIFICAÇÃO:\n─────────────────────────────\n🎯 Código: 123456\n⏰ Válido até: 08/06/2025 às 12:24\n🌐 Site: Meu Site\n🔒 Tipo: Verificação de Conta\n\n🚀 VERIFICAÇÃO RÁPIDA:\nClique no botão abaixo para verificar automaticamente:\nhttps://meusite.com/verify?token=abc123\n\n💡 INSTRUÇÕES:\n1. Cole o código acima no site\n2. Ou clique no link de verificação\n3. Complete o processo em até 60 minutos\n\n⚠️ SEGURANÇA:\n• Se você não solicitou esta verificação, ignore este email\n• Nunca compartilhe este código com terceiros\n• O código expira automaticamente por segurança\n\n📧 Este email foi enviado através do Sistema Gmail Independente\n🆔 ID da Verificação: 08318563",
    "date": "2025-06-08T11:24:06.528585",
    "read": true,
    "starred": true,
    "folder": "inbox",
    "verification": true,
    "verification_advanced": true,
    "verification_type": "account",
    "verification_priority": "normal",
    "verification_expires": "2025-06-08T12:24:06.528508",
    "verification_icon": "fa-user-check",
    "verification_color": "#34a853",
    "verification_label": "Verificação de Conta",
    "site_origin": "Meu Site",
    "security_level": "standard",
    "auto_expire": true,
    "tracking_id": "f9c19660"
  },
  {
    "id": "c268e06e-7311-4c0e-8409-6f488c58a76f",
    "from": "lindembergs038@gmail.com",
    "to": "lindembergs297@gmail.com",
    "subject": "lindembergs297@gmail.com",
    "body": "Oi",
    "date": "2025-06-08T11:25:36.392519",
    "read": true,
    "starred": false,
    "folder": "sent",
    "highlighted": false
  },
  {
    "id": "fdd52d9b-d955-451f-95ac-34fa04d45866",
    "from": "suporte@sistemagmail.nay.com",
    "to": "suport.com@gmail.oficial",
    "subject": "Recuperação de senha - Sistema Gmail",
    "body": "Olá!\n\nVocê solicitou recuperação de senha no site Sistema Gmail.\n\nClique no link abaixo para redefinir sua senha:\nhttps://37b18808-226f-4838-9cd0-06e8905de082-00-24jzov5xta9v4.spock.replit.dev/reset-password?token=exemplo\n\nToken de recuperação: 4y1ammnh7lgmbnzk5dq\n\nEste link expira em 24 horas.\n\nSe você não solicitou esta recuperação, ignore este email e sua conta permanecerá segura.\n\nEste email foi enviado através do Sistema Gmail Independente.",
    "date": "2025-06-08T18:17:47.003917",
    "read": true,
    "starred": false,
    "folder": "inbox",
    "password_reset": true,
    "site_origin": "Sistema Gmail"
  },
  {
    "id": "67847d09-6446-46ae-bed2-6cdf81703b16",
    "from": "suport.com@gmail.oficial",
    "to": "suport.com@gmail.oficial",
    "subject": "token",
    "body": "token",
    "date": "2025-06-08T18:41:31.860553",
    "read": true,
    "starred": false,
    "folder": "sent",
    "highlighted": false
  },
  {
    "id": "69c2ce5a-af69-4a8c-9acf-b27f561973d6",
    "from": "suporte@sistemagmail.nay.com",
    "to": "lindembergs297@gmail.com",
    "subject": "Recuperação de senha - Sistema Gmail",
    "body": "Olá!\n\nVocê solicitou recuperação de senha no site Sistema Gmail.\n\nClique no link abaixo para redefinir sua senha:\nhttps://37b18808-226f-4838-9cd0-06e8905de082-00-24jzov5xta9v4.spock.replit.dev/reset-password?token=mq6ht62s64mbo0fs11\n\nToken de recuperação: mq6ht62s64mbo0fs11\n\nEste link expira em 24 horas.\n\nSe você não solicitou esta recuperação, ignore este email e sua conta permanecerá segura.\n\nEste email foi enviado através do Sistema Gmail Independente.",
    "date": "2025-06-08T18:42:24.077022",
    "read": false,
    "starred": false,
    "folder": "inbox",
    "password_reset": true,
    "site_origin": "Sistema Gmail"
  },
  {
    "id": "2e51b4c2-bcc4-4ab7-bb1d-502e0d27197d",
    "from": "suporte@sistemagmail.nay.com",
    "to": "lindembergs297@dono",
    "subject": "Recuperação de senha - Sistema Gmail",
    "body": "Olá!\n\nVocê solicitou recuperação de senha no site Sistema Gmail.\n\nClique no link abaixo para redefinir sua senha:\nhttps://37b18808-226f-4838-9cd0-06e8905de082-00-24jzov5xta9v4.spock.replit.dev/reset-password?token=fsz7d6vweh6mbo0js24\n\nToken de recuperação: fsz7d6vweh6mbo0js24\n\nEste link expira em 24 horas.\n\nSe você não solicitou esta recuperação, ignore este email e sua conta permanecerá segura.\n\nEste email foi enviado através do Sistema Gmail Independente.",
    "date": "2025-06-08T18:45:30.741768",
    "read": true,
    "starred": false,
    "folder": "inbox",
    "password_reset": true,
    "site_origin": "Sistema Gmail"
  },
  {
    "id": "5a030bed-c12d-4946-a943-d47022aee3b9",
    "from": "lindembergs297@dono",
    "to": "suport.com@gmail.oficial",
    "subject": "token",
    "body": "token",
    "date": "2025-06-08T18:48:05.599977",
    "read": true,
    "starred": false,
    "folder": "sent",
    "highlighted": false
  },
  {
    "id": "8553268a-a082-4874-9deb-8a26440bfc59",
    "from": "lindembergs297@dono",
    "to": "IA@nayemail.com",
    "subject": "Ola",
    "body": "Ola",
    "date": "2025-06-11T01:28:16.798537",
    "read": true,
    "starred": false,
    "folder": "sent",
    "highlighted": false
  },
  {
    "id": "985e5358-0113-4b3c-ac8d-fefcd5b68ca4",
    "from": "lindembergs297@dono",
    "to": "IA@nayemail.com",
    "subject": "Usuário iniciou conversa com IA",
    "body": "Usuário Lindembergs297 (lindembergs297@dono) iniciou uma nova conversa com a IA.\nID da Conversa: chat_1749605304359_uyijolfiz",
    "date": "2025-06-11T01:28:25.735722",
    "read": true,
    "starred": false,
    "folder": "sent",
    "highlighted": false
  },
  {
    "id": "0fc5c682-1fcd-421b-955e-1e40ffd8b4cb",
    "from": "lindembergs297@dono",
    "to": "lindembergs297@dono",
    "subject": "🤖 Resumo da conversa com NayAI - 10/06/2025",
    "body": "\n🤖 Resumo da sua conversa com NayAI\n\n📅 Data: 10/06/2025, 22:28:33\n🆔 ID da Conversa: chat_1749605304359_uyijolfiz\n💬 Total de mensagens: 1\n\n━━━━━━━━━━━━━━━━━━━━━━━━━━━━━━━━━━\n\n[22:28:24] 🤖 NayAI: Olá! 👋 Eu sou a NayAI, sua assistente inteligente. Como posso ajudar você hoje?\n\n━━━━━━━━━━━━━━━━━━━━━━━━━━━━━━━━━━\n\n✨ Obrigado por usar a NayAI!\nEsperamos que a conversa tenha sido útil.\n\n📧 Este email foi gerado automaticamente pelo Sistema NayEmail\n    ",
    "date": "2025-06-11T01:28:55.141916",
    "read": true,
    "starred": false,
    "folder": "sent",
    "highlighted": false
  },
  {
    "id": "7aa342df-4675-4d04-bfdf-67cc4b5ea1d9",
    "from": "sistema@nayemail.com",
    "to": "IA@nayemail.com",
    "subject": "💬 Nova conversa com Lindembergs297 - Chat chat_174",
    "body": "🤖 NOVA INTERAÇÃO COM IA\n\n👤 Usuário: Lindembergs297 (lindembergs297@dono)\n🆔 Chat ID: chat_1749605304359_uyijolfiz\n📅 Data: 11/06/2025 às 01:29:01\n\n💬 MENSAGEM DO USUÁRIO:\nOlá\n\n🤖 RESPOSTA DA IA:\nOi! Seja bem-vindo ao NayEmail! Em que posso ser útil?\n\n━━━━━━━━━━━━━━━━━━━━━━━━━━━━━━━\n\n📊 ESTATÍSTICAS:\n• Status: Conversa ativa\n• Plataforma: NayEmail IA Assistant\n• Tipo: Chat em tempo real\n\n🔗 Sistema NayEmail - IA Conversacional",
    "date": "2025-06-11T01:29:01.953272",
    "read": false,
    "starred": false,
    "folder": "inbox",
    "ai_chat_log": true,
    "chat_id": "chat_1749605304359_uyijolfiz"
  },
  {
    "id": "05c81938-b546-45df-bc2a-1b055092cb30",
    "from": "sistema@nayemail.com",
    "to": "IA@nayemail.com",
    "subject": "💬 Nova conversa com Lindembergs297 - Chat chat_174",
    "body": "🤖 NOVA INTERAÇÃO COM IA\n\n👤 Usuário: Lindembergs297 (lindembergs297@dono)\n🆔 Chat ID: chat_1749605304359_uyijolfiz\n📅 Data: 11/06/2025 às 01:29:09\n\n💬 MENSAGEM DO USUÁRIO:\ntudo bem\n\n🤖 RESPOSTA DA IA:\nCompreendo. 🤝 Como posso ser mais útil nesta conversa?\n\n━━━━━━━━━━━━━━━━━━━━━━━━━━━━━━━\n\n📊 ESTATÍSTICAS:\n• Status: Conversa ativa\n• Plataforma: NayEmail IA Assistant\n• Tipo: Chat em tempo real\n\n🔗 Sistema NayEmail - IA Conversacional",
    "date": "2025-06-11T01:29:09.080002",
    "read": false,
    "starred": false,
    "folder": "inbox",
    "ai_chat_log": true,
    "chat_id": "chat_1749605304359_uyijolfiz"
  },
  {
    "id": "060170a6-1125-434a-bf80-fd4371d4399f",
    "from": "sistema@nayemail.com",
    "to": "IA@nayemail.com",
    "subject": "💬 Nova conversa com Lindembergs297 - Chat chat_174",
    "body": "🤖 NOVA INTERAÇÃO COM IA\n\n👤 Usuário: Lindembergs297 (lindembergs297@dono)\n🆔 Chat ID: chat_1749605304359_uyijolfiz\n📅 Data: 11/06/2025 às 01:29:21\n\n💬 MENSAGEM DO USUÁRIO:\nComo faço pra ter acesso as rotas\n\n🤖 RESPOSTA DA IA:\nEntendo seu ponto! 🎯 Há algo específico em que posso ajudar relacionado a isso?\n\n━━━━━━━━━━━━━━━━━━━━━━━━━━━━━━━\n\n📊 ESTATÍSTICAS:\n• Status: Conversa ativa\n• Plataforma: NayEmail IA Assistant\n• Tipo: Chat em tempo real\n\n🔗 Sistema NayEmail - IA Conversacional",
    "date": "2025-06-11T01:29:21.124677",
    "read": false,
    "starred": false,
    "folder": "inbox",
    "ai_chat_log": true,
    "chat_id": "chat_1749605304359_uyijolfiz"
  },
  {
    "id": "ed8dd26f-644c-4042-9ccb-5135c492ac6a",
    "from": "sistema@nayemail.com",
    "to": "IA@nayemail.com",
    "subject": "💬 Nova conversa com Lindembergs297 - Chat chat_174",
    "body": "🤖 NOVA INTERAÇÃO COM IA\n\n👤 Usuário: Lindembergs297 (lindembergs297@dono)\n🆔 Chat ID: chat_1749605304359_uyijolfiz\n📅 Data: 11/06/2025 às 01:29:33\n\n💬 MENSAGEM DO USUÁRIO:\nquero enviar um gmail pro meu amigo\n\n🤖 RESPOSTA DA IA:\nSobre emails posso ajudar muito! Quer saber como usar melhor o sistema? Ou tem alguma dúvida específica?\n\n━━━━━━━━━━━━━━━━━━━━━━━━━━━━━━━\n\n📊 ESTATÍSTICAS:\n• Status: Conversa ativa\n• Plataforma: NayEmail IA Assistant\n• Tipo: Chat em tempo real\n\n🔗 Sistema NayEmail - IA Conversacional",
    "date": "2025-06-11T01:29:33.539325",
    "read": false,
    "starred": false,
    "folder": "inbox",
    "ai_chat_log": true,
    "chat_id": "chat_1749605304359_uyijolfiz"
  },
  {
    "id": "5ccf0a84-b57f-4bc4-b1a1-df5af8ad1ff3",
    "from": "sistema@nayemail.com",
    "to": "IA@nayemail.com",
    "subject": "💬 Nova conversa com Lindembergs297 - Chat chat_174",
    "body": "🤖 NOVA INTERAÇÃO COM IA\n\n👤 Usuário: Lindembergs297 (lindembergs297@dono)\n🆔 Chat ID: chat_1749605304359_uyijolfiz\n📅 Data: 11/06/2025 às 01:29:45\n\n💬 MENSAGEM DO USUÁRIO:\nlindembergs038@gmail.com\n\n🤖 RESPOSTA DA IA:\nEmails são minha especialidade! ✨ Pode perguntar sobre qualquer funcionalidade do NayEmail.\n\n━━━━━━━━━━━━━━━━━━━━━━━━━━━━━━━\n\n📊 ESTATÍSTICAS:\n• Status: Conversa ativa\n• Plataforma: NayEmail IA Assistant\n• Tipo: Chat em tempo real\n\n🔗 Sistema NayEmail - IA Conversacional",
    "date": "2025-06-11T01:29:45.683699",
    "read": false,
    "starred": false,
    "folder": "inbox",
    "ai_chat_log": true,
    "chat_id": "chat_1749605304359_uyijolfiz"
  },
  {
    "id": "d5702272-2102-47a8-b66e-f57c4511180e",
    "from": "sistema@nayemail.com",
    "to": "IA@nayemail.com",
    "subject": "💬 Nova conversa com Lindembergs297 - Chat chat_174",
    "body": "🤖 NOVA INTERAÇÃO COM IA\n\n👤 Usuário: Lindembergs297 (lindembergs297@dono)\n🆔 Chat ID: chat_1749605304359_uyijolfiz\n📅 Data: 11/06/2025 às 01:29:59\n\n💬 MENSAGEM DO USUÁRIO:\nfechar\n\n🤖 RESPOSTA DA IA:\nEntendo seu ponto! 🎯 Há algo específico em que posso ajudar relacionado a isso?\n\n━━━━━━━━━━━━━━━━━━━━━━━━━━━━━━━\n\n📊 ESTATÍSTICAS:\n• Status: Conversa ativa\n• Plataforma: NayEmail IA Assistant\n• Tipo: Chat em tempo real\n\n🔗 Sistema NayEmail - IA Conversacional",
    "date": "2025-06-11T01:29:59.896324",
    "read": false,
    "starred": false,
    "folder": "inbox",
    "ai_chat_log": true,
    "chat_id": "chat_1749605304359_uyijolfiz"
  },
  {
    "id": "9ad26097-7fb5-4ff5-b150-00302df7c3ae",
    "from": "lindembergs297@dono",
    "to": "IA@nayemail.com",
    "subject": "Usuário iniciou conversa com IA",
    "body": "Usuário Lindembergs297 (lindembergs297@dono) iniciou uma nova conversa com a IA.\nID da Conversa: chat_1749605522662_909a7oaiy",
    "date": "2025-06-11T01:32:04.161809",
    "read": true,
    "starred": false,
    "folder": "sent",
    "highlighted": false
  },
  {
    "id": "59cbb305-4fed-401d-bb73-7f91374ab845",
    "from": "sistema@nayemail.com",
    "to": "IA@nayemail.com",
    "subject": "💬 Nova conversa com Lindembergs297 - Chat chat_174",
    "body": "🤖 NOVA INTERAÇÃO COM IA\n\n👤 Usuário: Lindembergs297 (lindembergs297@dono)\n🆔 Chat ID: chat_1749605522662_909a7oaiy\n📅 Data: 11/06/2025 às 01:33:55\n\n💬 MENSAGEM DO USUÁRIO:\nOla\n\n🤖 RESPOSTA DA IA:\n💭 Interessante! Pode me contar mais? Sou especialista no NayEmail e adoro conversar!\n\n━━━━━━━━━━━━━━━━━━━━━━━━━━━━━━━\n\n📊 ESTATÍSTICAS:\n• Status: Conversa ativa\n• Plataforma: NayEmail IA Assistant\n• Tipo: Chat em tempo real\n\n🔗 Sistema NayEmail - IA Conversacional",
    "date": "2025-06-11T01:33:55.779611",
    "read": false,
    "starred": false,
    "folder": "inbox",
    "ai_chat_log": true,
    "chat_id": "chat_1749605522662_909a7oaiy"
  },
  {
    "id": "bd03479e-47e9-4f10-aacd-651ffe346840",
    "from": "sistema@nayemail.com",
    "to": "IA@nayemail.com",
    "subject": "💬 Nova conversa com Lindembergs297 - Chat chat_174",
    "body": "🤖 NOVA INTERAÇÃO COM IA\n\n👤 Usuário: Lindembergs297 (lindembergs297@dono)\n🆔 Chat ID: chat_1749605522662_909a7oaiy\n📅 Data: 11/06/2025 às 01:34:02\n\n💬 MENSAGEM DO USUÁRIO:\nfechar\n\n🤖 RESPOSTA DA IA:\n🔄 Entendido! Vou finalizar nossa conversa e enviar um resumo por email. Obrigada por usar a NayAI! 👋\n\n━━━━━━━━━━━━━━━━━━━━━━━━━━━━━━━\n\n📊 ESTATÍSTICAS:\n• Status: Conversa ativa\n• Plataforma: NayEmail IA Assistant\n• Tipo: Chat em tempo real\n\n🔗 Sistema NayEmail - IA Conversacional",
    "date": "2025-06-11T01:34:02.002108",
    "read": false,
    "starred": false,
    "folder": "inbox",
    "ai_chat_log": true,
    "chat_id": "chat_1749605522662_909a7oaiy"
  },
  {
    "id": "5cb9d7a7-539c-4478-a1df-ad633807ee12",
    "from": "sistema@nayemail.com",
    "to": "IA@nayemail.com",
    "subject": "💬 Nova conversa com Lindembergs297 - Chat chat_174",
    "body": "🤖 NOVA INTERAÇÃO COM IA\n\n👤 Usuário: Lindembergs297 (lindembergs297@dono)\n🆔 Chat ID: chat_1749605522662_909a7oaiy\n📅 Data: 11/06/2025 às 01:34:08\n\n💬 MENSAGEM DO USUÁRIO:\nOk\n\n🤖 RESPOSTA DA IA:\n✨ Legal! Quer saber algo sobre o sistema de emails ou prefere conversar sobre outro assunto?\n\n━━━━━━━━━━━━━━━━━━━━━━━━━━━━━━━\n\n📊 ESTATÍSTICAS:\n• Status: Conversa ativa\n• Plataforma: NayEmail IA Assistant\n• Tipo: Chat em tempo real\n\n🔗 Sistema NayEmail - IA Conversacional",
    "date": "2025-06-11T01:34:08.916873",
    "read": false,
    "starred": false,
    "folder": "inbox",
    "ai_chat_log": true,
    "chat_id": "chat_1749605522662_909a7oaiy"
  },
  {
    "id": "a3881c70-9781-489a-b14b-6f0f85779c70",
    "from": "sistema@nayemail.com",
    "to": "IA@nayemail.com",
    "subject": "💬 Nova conversa com Lindembergs297 - Chat chat_174",
    "body": "🤖 NOVA INTERAÇÃO COM IA\n\n👤 Usuário: Lindembergs297 (lindembergs297@dono)\n🆔 Chat ID: chat_1749605522662_909a7oaiy\n📅 Data: 11/06/2025 às 01:34:55\n\n💬 MENSAGEM DO USUÁRIO:\nPode me ajudar em gmail\n\n🤖 RESPOSTA DA IA:\n🚀 Sempre pronta para ajudar! Posso explicar sobre:\n• Como navegar no sistema\n• Recursos disponíveis\n• Dicas e truques\n• Resolução de problemas\n\nMe conte o que precisa!\n\n━━━━━━━━━━━━━━━━━━━━━━━━━━━━━━━\n\n📊 ESTATÍSTICAS:\n• Status: Conversa ativa\n• Plataforma: NayEmail IA Assistant\n• Tipo: Chat em tempo real\n\n🔗 Sistema NayEmail - IA Conversacional",
    "date": "2025-06-11T01:34:55.172795",
    "read": false,
    "starred": false,
    "folder": "inbox",
    "ai_chat_log": true,
    "chat_id": "chat_1749605522662_909a7oaiy"
  },
  {
    "id": "111b4618-5ac7-4b89-93ee-ee1ae2f91af6",
    "from": "sistema@nayemail.com",
    "to": "IA@nayemail.com",
    "subject": "💬 Nova conversa com Lindembergs297 - Chat chat_174",
    "body": "🤖 NOVA INTERAÇÃO COM IA\n\n👤 Usuário: Lindembergs297 (lindembergs297@dono)\n🆔 Chat ID: chat_1749605522662_909a7oaiy\n📅 Data: 11/06/2025 às 01:35:02\n\n💬 MENSAGEM DO USUÁRIO:\ncomo envio um gmail pro meu amigo\n\n🤖 RESPOSTA DA IA:\n📧 No NayEmail você pode:\n• Compor emails ricos\n• Agendar envios\n• Usar respostas inteligentes\n• Organizar por categorias\n• Fazer backup das conversas\n\nQuer saber como fazer algo específico?\n\n━━━━━━━━━━━━━━━━━━━━━━━━━━━━━━━\n\n📊 ESTATÍSTICAS:\n• Status: Conversa ativa\n• Plataforma: NayEmail IA Assistant\n• Tipo: Chat em tempo real\n\n🔗 Sistema NayEmail - IA Conversacional",
    "date": "2025-06-11T01:35:02.463351",
    "read": false,
    "starred": false,
    "folder": "inbox",
    "ai_chat_log": true,
    "chat_id": "chat_1749605522662_909a7oaiy"
  },
  {
    "id": "02cb1e13-3b09-41a3-b20f-6fd2453b72b8",
    "from": "sistema@nayemail.com",
    "to": "IA@nayemail.com",
    "subject": "💬 Nova conversa com Lindembergs297 - Chat chat_174",
    "body": "🤖 NOVA INTERAÇÃO COM IA\n\n👤 Usuário: Lindembergs297 (lindembergs297@dono)\n🆔 Chat ID: chat_1749605522662_909a7oaiy\n📅 Data: 11/06/2025 às 01:35:22\n\n💬 MENSAGEM DO USUÁRIO:\nPode me dizer com enviar pro gmail lindembergs038@gmail.com\n\n🤖 RESPOSTA DA IA:\n✉️ O sistema de emails é bem completo:\n• Caixa de entrada, enviados, rascunhos\n• Sistema de estrelas e destaques\n• Verificações de segurança\n• Recuperação de senha\n\nPrecisa de ajuda com alguma função?\n\n━━━━━━━━━━━━━━━━━━━━━━━━━━━━━━━\n\n📊 ESTATÍSTICAS:\n• Status: Conversa ativa\n• Plataforma: NayEmail IA Assistant\n• Tipo: Chat em tempo real\n\n🔗 Sistema NayEmail - IA Conversacional",
    "date": "2025-06-11T01:35:22.288539",
    "read": false,
    "starred": false,
    "folder": "inbox",
    "ai_chat_log": true,
    "chat_id": "chat_1749605522662_909a7oaiy"
  },
  {
    "id": "cbec80e6-8e6d-4944-a972-1f24dfacec8b",
    "from": "sistema@nayemail.com",
    "to": "IA@nayemail.com",
    "subject": "💬 Nova conversa com Lindembergs297 - Chat chat_174",
    "body": "🤖 NOVA INTERAÇÃO COM IA\n\n👤 Usuário: Lindembergs297 (lindembergs297@dono)\n🆔 Chat ID: chat_1749605522662_909a7oaiy\n📅 Data: 11/06/2025 às 01:35:29\n\n💬 MENSAGEM DO USUÁRIO:\nSim\n\n🤖 RESPOSTA DA IA:\n🎯 Entendo seu ponto! Como assistente do NayEmail, posso ajudar com qualquer dúvida do sistema.\n\n━━━━━━━━━━━━━━━━━━━━━━━━━━━━━━━\n\n📊 ESTATÍSTICAS:\n• Status: Conversa ativa\n• Plataforma: NayEmail IA Assistant\n• Tipo: Chat em tempo real\n\n🔗 Sistema NayEmail - IA Conversacional",
    "date": "2025-06-11T01:35:29.444525",
    "read": false,
    "starred": false,
    "folder": "inbox",
    "ai_chat_log": true,
    "chat_id": "chat_1749605522662_909a7oaiy"
  },
  {
    "id": "7ca22428-0d2c-4b19-b134-147390f7d936",
    "from": "sistema@nayemail.com",
    "to": "lindembergs297@dono",
    "subject": "📊 Relatório Completo - Conversa NayAI (chat_174)",
    "body": "📊 RELATÓRIO COMPLETO DA CONVERSA COM NAYAI\n\n╔══════════════════════════════════════════════════════════════╗\n║                    📋 INFORMAÇÕES GERAIS                     ║\n╚══════════════════════════════════════════════════════════════╝\n\n👤 Usuário: Lindembergs297 (lindembergs297@dono)\n🆔 ID da Conversa: chat_1749605522662_909a7oaiy\n📅 Data de início: 11/06/2025\n⏰ Horário de início: 01:33:55\n⏰ Horário de término: 01:36:11\n⏱️ Duração total: 2m 15s\n\n╔══════════════════════════════════════════════════════════════╗\n║                     📈 ESTATÍSTICAS                          ║\n╚══════════════════════════════════════════════════════════════╝\n\n💬 Total de mensagens: 16\n👤 Mensagens do usuário: 8\n🤖 Respostas da IA: 8\n📊 Taxa de resposta: 100.0% (IA sempre responde)\n\n╔══════════════════════════════════════════════════════════════╗\n║                  💬 TRANSCRIPT COMPLETO                      ║\n╚══════════════════════════════════════════════════════════════╝\n\n[01:33:55] 👤 Lindembergs297: Ola\n\n[01:33:55] 🤖 NayAI: 💭 Interessante! Pode me contar mais? Sou especialista no NayEmail e adoro conversar!\n\n[01:34:01] 👤 Lindembergs297: fechar\n\n[01:34:01] 🤖 NayAI: 🔄 Entendido! Vou finalizar nossa conversa e enviar um resumo por email. Obrigada por usar a NayAI! 👋\n\n[01:34:08] 👤 Lindembergs297: Ok\n\n[01:34:08] 🤖 NayAI: ✨ Legal! Quer saber algo sobre o sistema de emails ou prefere conversar sobre outro assunto?\n\n[01:34:55] 👤 Lindembergs297: Pode me ajudar em gmail\n\n[01:34:55] 🤖 NayAI: 🚀 Sempre pronta para ajudar! Posso explicar sobre:\n• Como navegar no sistema\n• Recursos disponíveis\n• Dicas e truques\n• Resolução de problemas\n\nMe conte o que precisa!\n\n[01:35:02] 👤 Lindembergs297: como envio um gmail pro meu amigo\n\n[01:35:02] 🤖 NayAI: 📧 No NayEmail você pode:\n• Compor emails ricos\n• Agendar envios\n• Usar respostas inteligentes\n• Organizar por categorias\n• Fazer backup das conversas\n\nQuer saber como fazer algo específico?\n\n[01:35:22] 👤 Lindembergs297: Pode me dizer com enviar pro gmail lindembergs038@gmail.com\n\n[01:35:22] 🤖 NayAI: ✉️ O sistema de emails é bem completo:\n• Caixa de entrada, enviados, rascunhos\n• Sistema de estrelas e destaques\n• Verificações de segurança\n• Recuperação de senha\n\nPrecisa de ajuda com alguma função?\n\n[01:35:29] 👤 Lindembergs297: Sim\n\n[01:35:29] 🤖 NayAI: 🎯 Entendo seu ponto! Como assistente do NayEmail, posso ajudar com qualquer dúvida do sistema.\n\n[01:36:11] 👤 Lindembergs297: fechar\n\n[01:36:11] 🤖 NayAI: 🔄 Entendido! Finalizando nossa conversa e enviando relatório completo por email. Obrigada por usar a NayAI! 👋\n\n╔══════════════════════════════════════════════════════════════╗\n║                     📝 RESUMO FINAL                          ║\n╚══════════════════════════════════════════════════════════════╝\n\n✅ Conversa finalizada com sucesso\n📧 Relatório gerado automaticamente\n🔒 Dados salvos com segurança\n🤖 NayAI sempre disponível para novas conversas\n\n━━━━━━━━━━━━━━━━━━━━━━━━━━━━━━━━━━━━━━━━━━━━━━━━━━━━━━━━━━━━━━━━\n\n💡 COMO INICIAR NOVA CONVERSA:\n• Clique no banner da IA no sistema\n• Ou envie email para IA@nayemail.com\n• IA sempre pronta para ajudar!\n\n📧 Relatório gerado pelo Sistema NayEmail\n🆔 ID do Relatório: 760c14e3\n📅 Gerado em: 11/06/2025 às 01:36:11",
    "date": "2025-06-11T01:36:11.429413",
    "read": true,
    "starred": true,
    "folder": "inbox",
    "chat_transcript": true,
    "chat_id": "chat_1749605522662_909a7oaiy",
    "priority": "high"
  },
  {
    "id": "27f72007-c809-49f6-a905-7f35160474e0",
    "from": "sistema@nayemail.com",
    "to": "IA@nayemail.com",
    "subject": "💬 Nova conversa com Lindembergs297 - Chat chat_174",
    "body": "🤖 NOVA INTERAÇÃO COM IA\n\n👤 Usuário: Lindembergs297 (lindembergs297@dono)\n🆔 Chat ID: chat_1749605522662_909a7oaiy\n📅 Data: 11/06/2025 às 01:36:11\n\n💬 MENSAGEM DO USUÁRIO:\nfechar\n\n🤖 RESPOSTA DA IA:\n🔄 Entendido! Finalizando nossa conversa e enviando relatório completo por email. Obrigada por usar a NayAI! 👋\n\n━━━━━━━━━━━━━━━━━━━━━━━━━━━━━━━\n\n📊 ESTATÍSTICAS:\n• Status: Conversa ativa\n• Plataforma: NayEmail IA Assistant\n• Tipo: Chat em tempo real\n\n🔗 Sistema NayEmail - IA Conversacional",
    "date": "2025-06-11T01:36:11.430765",
    "read": false,
    "starred": false,
    "folder": "inbox",
    "ai_chat_log": true,
    "chat_id": "chat_1749605522662_909a7oaiy"
  },
  {
    "id": "54c7687c-dc71-468b-bf49-0685c2238ea8",
    "from": "sistema@nayemail.com",
    "to": "lindembergs297@dono",
    "subject": "📊 Relatório Completo - Conversa NayAI (chat_174)",
    "body": "📊 RELATÓRIO COMPLETO DA CONVERSA COM NAYAI\n\n╔══════════════════════════════════════════════════════════════╗\n║                    📋 INFORMAÇÕES GERAIS                     ║\n╚══════════════════════════════════════════════════════════════╝\n\n👤 Usuário: Lindembergs297 (lindembergs297@dono)\n🆔 ID da Conversa: chat_1749605522662_909a7oaiy\n📅 Data de início: 11/06/2025\n⏰ Horário de início: 01:33:55\n⏰ Horário de término: 01:36:27\n⏱️ Duração total: 2m 31s\n\n╔══════════════════════════════════════════════════════════════╗\n║                     📈 ESTATÍSTICAS                          ║\n╚══════════════════════════════════════════════════════════════╝\n\n💬 Total de mensagens: 18\n👤 Mensagens do usuário: 9\n🤖 Respostas da IA: 9\n📊 Taxa de resposta: 100.0% (IA sempre responde)\n\n╔══════════════════════════════════════════════════════════════╗\n║                  💬 TRANSCRIPT COMPLETO                      ║\n╚══════════════════════════════════════════════════════════════╝\n\n[01:33:55] 👤 Lindembergs297: Ola\n\n[01:33:55] 🤖 NayAI: 💭 Interessante! Pode me contar mais? Sou especialista no NayEmail e adoro conversar!\n\n[01:34:01] 👤 Lindembergs297: fechar\n\n[01:34:01] 🤖 NayAI: 🔄 Entendido! Vou finalizar nossa conversa e enviar um resumo por email. Obrigada por usar a NayAI! 👋\n\n[01:34:08] 👤 Lindembergs297: Ok\n\n[01:34:08] 🤖 NayAI: ✨ Legal! Quer saber algo sobre o sistema de emails ou prefere conversar sobre outro assunto?\n\n[01:34:55] 👤 Lindembergs297: Pode me ajudar em gmail\n\n[01:34:55] 🤖 NayAI: 🚀 Sempre pronta para ajudar! Posso explicar sobre:\n• Como navegar no sistema\n• Recursos disponíveis\n• Dicas e truques\n• Resolução de problemas\n\nMe conte o que precisa!\n\n[01:35:02] 👤 Lindembergs297: como envio um gmail pro meu amigo\n\n[01:35:02] 🤖 NayAI: 📧 No NayEmail você pode:\n• Compor emails ricos\n• Agendar envios\n• Usar respostas inteligentes\n• Organizar por categorias\n• Fazer backup das conversas\n\nQuer saber como fazer algo específico?\n\n[01:35:22] 👤 Lindembergs297: Pode me dizer com enviar pro gmail lindembergs038@gmail.com\n\n[01:35:22] 🤖 NayAI: ✉️ O sistema de emails é bem completo:\n• Caixa de entrada, enviados, rascunhos\n• Sistema de estrelas e destaques\n• Verificações de segurança\n• Recuperação de senha\n\nPrecisa de ajuda com alguma função?\n\n[01:35:29] 👤 Lindembergs297: Sim\n\n[01:35:29] 🤖 NayAI: 🎯 Entendo seu ponto! Como assistente do NayEmail, posso ajudar com qualquer dúvida do sistema.\n\n[01:36:11] 👤 Lindembergs297: fechar\n\n[01:36:11] 🤖 NayAI: 🔄 Entendido! Finalizando nossa conversa e enviando relatório completo por email. Obrigada por usar a NayAI! 👋\n\n[01:36:27] 👤 Lindembergs297: fechar\n\n[01:36:27] 🤖 NayAI: 🔄 Entendido! Finalizando nossa conversa e enviando relatório completo por email. Obrigada por usar a NayAI! 👋\n\n╔══════════════════════════════════════════════════════════════╗\n║                     📝 RESUMO FINAL                          ║\n╚══════════════════════════════════════════════════════════════╝\n\n✅ Conversa finalizada com sucesso\n📧 Relatório gerado automaticamente\n🔒 Dados salvos com segurança\n🤖 NayAI sempre disponível para novas conversas\n\n━━━━━━━━━━━━━━━━━━━━━━━━━━━━━━━━━━━━━━━━━━━━━━━━━━━━━━━━━━━━━━━━\n\n💡 COMO INICIAR NOVA CONVERSA:\n• Clique no banner da IA no sistema\n• Ou envie email para IA@nayemail.com\n• IA sempre pronta para ajudar!\n\n📧 Relatório gerado pelo Sistema NayEmail\n🆔 ID do Relatório: 3cd959f0\n📅 Gerado em: 11/06/2025 às 01:36:27",
    "date": "2025-06-11T01:36:27.125440",
    "read": true,
    "starred": true,
    "folder": "inbox",
    "chat_transcript": true,
    "chat_id": "chat_1749605522662_909a7oaiy",
    "priority": "high"
  },
  {
    "id": "48c4f0b0-0ec3-49ee-8950-7dc8f6a9f0d1",
    "from": "sistema@nayemail.com",
    "to": "IA@nayemail.com",
    "subject": "💬 Nova conversa com Lindembergs297 - Chat chat_174",
    "body": "🤖 NOVA INTERAÇÃO COM IA\n\n👤 Usuário: Lindembergs297 (lindembergs297@dono)\n🆔 Chat ID: chat_1749605522662_909a7oaiy\n📅 Data: 11/06/2025 às 01:36:27\n\n💬 MENSAGEM DO USUÁRIO:\nfechar\n\n🤖 RESPOSTA DA IA:\n🔄 Entendido! Finalizando nossa conversa e enviando relatório completo por email. Obrigada por usar a NayAI! 👋\n\n━━━━━━━━━━━━━━━━━━━━━━━━━━━━━━━\n\n📊 ESTATÍSTICAS:\n• Status: Conversa ativa\n• Plataforma: NayEmail IA Assistant\n• Tipo: Chat em tempo real\n\n🔗 Sistema NayEmail - IA Conversacional",
    "date": "2025-06-11T01:36:27.127555",
    "read": false,
    "starred": false,
    "folder": "inbox",
    "ai_chat_log": true,
    "chat_id": "chat_1749605522662_909a7oaiy"
  },
  {
    "id": "3193a287-dbce-4929-bfd2-3efa0267cc88",
    "from": "lindembergs297@dono",
    "to": "IA@nayemail.com",
    "subject": "Usuário iniciou conversa com IA",
    "body": "Usuário Lindembergs297 (lindembergs297@dono) iniciou uma nova conversa com a IA.\nID da Conversa: chat_1749606169330_or6jh8nq4",
    "date": "2025-06-11T01:42:50.726026",
    "read": true,
    "starred": false,
    "folder": "sent",
    "highlighted": false
  },
  {
    "id": "ae6cec78-1cf3-48cb-9ab4-6ab35a88c495",
    "from": "lindembergs297@dono",
    "to": "lindembergs297@dono",
    "subject": "🤖 Resumo da conversa com NayAI - 10/06/2025",
    "body": "\n🤖 Resumo da sua conversa com NayAI\n\n📅 Data: 10/06/2025, 22:43:01\n🆔 ID da Conversa: chat_1749606169330_or6jh8nq4\n💬 Total de mensagens: 1\n\n━━━━━━━━━━━━━━━━━━━━━━━━━━━━━━━━━━\n\n[22:42:49] 🤖 NayAI: Olá! 👋 Eu sou a NayAI, sua assistente inteligente. Como posso ajudar você hoje?\n\n━━━━━━━━━━━━━━━━━━━━━━━━━━━━━━━━━━\n\n✨ Obrigado por usar a NayAI!\nEsperamos que a conversa tenha sido útil.\n\n📧 Este email foi gerado automaticamente pelo Sistema NayEmail\n    ",
    "date": "2025-06-11T01:43:03.191688",
    "read": true,
    "starred": false,
    "folder": "sent",
    "highlighted": false
  },
  {
    "id": "75896d9c-8d80-469a-ba9f-00c3d1359ef7",
    "from": "sistema@nayemail.com",
    "to": "IA@nayemail.com",
    "subject": "💬 Nova conversa com Lindembergs297 - Chat chat_174",
    "body": "🤖 NOVA INTERAÇÃO COM IA\n\n👤 Usuário: Lindembergs297 (lindembergs297@dono)\n🆔 Chat ID: chat_1749605522662_909a7oaiy\n📅 Data: 11/06/2025 às 01:43:50\n\n💬 MENSAGEM DO USUÁRIO:\nOi\n\n🤖 RESPOSTA DA IA:\nOlá! 👋 Sou a NayAI, assistente do sistema NayEmail. Como posso ajudar você hoje?\n\n━━━━━━━━━━━━━━━━━━━━━━━━━━━━━━━\n\n📊 ESTATÍSTICAS:\n• Status: Conversa ativa\n• Plataforma: NayEmail IA Assistant\n• Tipo: Chat em tempo real\n\n🔗 Sistema NayEmail - IA Conversacional",
    "date": "2025-06-11T01:43:50.747921",
    "read": false,
    "starred": false,
    "folder": "inbox",
    "ai_chat_log": true,
    "chat_id": "chat_1749605522662_909a7oaiy"
  },
  {
    "id": "7e74b7b5-dbe1-4623-a21c-61aec21f4092",
    "from": "lindembergs297@dono",
    "to": "IA@nayemail.com",
    "subject": "Ia",
    "body": "",
    "date": "2025-06-11T13:59:49.306406",
    "read": true,
    "starred": false,
    "folder": "sent",
    "highlighted": false
  },
  {
    "id": "a4ae6790-15f0-4341-89af-bb48c429c904",
    "from": "lindembergs297@dono",
    "to": "IA@nayemail.com",
    "subject": "Usuário iniciou conversa com IA",
    "body": "Usuário Lindembergs297 (lindembergs297@dono) iniciou uma nova conversa com a IA.\nID da Conversa: chat_1749650390150_bk0swxtvo",
    "date": "2025-06-11T13:59:52.234778",
    "read": true,
    "starred": false,
    "folder": "sent",
    "highlighted": false
  },
  {
    "id": "d666cfdb-dedf-4a44-bd59-32cc83c490d3",
    "from": "sistema@nayemail.com",
    "to": "vídeo@n",
    "subject": "🎉 Bem-vindo ao NayEmail!",
    "body": "Olá!\n\nBem-vindo ao Sistema NayEmail - a nova geração de emails inteligentes!\n\n🚀 PRINCIPAIS FUNCIONALIDADES:\n• IA Conversacional integrada\n• Verificação avançada de segurança\n• Templates inteligentes\n• Sincronização multi-dispositivo\n• Interface moderna e responsiva\n\n🤖 EXPERIMENTE A IA:\nClique no banner da IA para conversar com nossa assistente inteligente.\n\n📧 COMPOSE INTELIGENTE:\nUse nossos templates e sugestões de IA para escrever emails profissionais.\n\n💡 DICA: Explore todas as funcionalidades usando os menus laterais!\n\nBem-vindo à revolução dos emails!\n\nSistema NayEmail\n            ",
    "date": "2025-06-11T14:58:21.651552",
    "read": false,
    "starred": true,
    "folder": "inbox",
    "highlighted": true,
    "demo_email": true
  },
  {
    "id": "c5dba835-bf09-41e9-8396-e0389a250a9d",
    "from": "verificacao@empresademo.nay.com",
    "to": "vídeo@n",
    "subject": "🔐 Código de Verificação - Empresa Demo",
    "body": "Olá!\n\nSeu código de verificação é: 123456\n\nEste código é válido por 10 minutos.\n\nSe você não solicitou esta verificação, ignore este email.\n\nAtenciosamente,\nEmpresa Demo\nSistema de Verificação Automática\n            ",
    "date": "2025-06-11T14:53:21.651572",
    "read": false,
    "starred": false,
    "folder": "inbox",
    "verification": true,
    "verification_advanced": true,
    "verification_type": "account",
    "verification_priority": "high",
    "demo_email": true
  },
  {
    "id": "9c518021-0ea5-437c-af49-d6ea0c890be4",
    "from": "IA@nayemail.com",
    "to": "vídeo@n",
    "subject": "🤖 Sua Assistente IA está pronta!",
    "body": "Olá!\n\nA NayAI, sua assistente inteligente, está configurada e pronta para uso!\n\n💬 COMO USAR:\n• Clique no banner da IA na interface principal\n• Ou envie um email para IA@nayemail.com\n• Faça perguntas sobre o sistema\n• Peça ajuda com emails\n• Tenha conversas naturais\n\n🎯 EXEMPLOS DO QUE POSSO FAZER:\n• Explicar funcionalidades do sistema\n• Ajudar a compor emails\n• Responder dúvidas técnicas\n• Dar dicas de produtividade\n• Conversar sobre qualquer assunto\n\nEstou aqui para ajudar 24/7!\n\nNayAI - Assistente Inteligente\nPowered by NayEmail System\n            ",
    "date": "2025-06-11T13:58:21.651588",
    "read": false,
    "starred": false,
    "folder": "inbox",
    "ai_chat_log": true,
    "demo_email": true
  },
  {
    "id": "60c60c05-aeb0-45c5-bac6-7cf2e89e6aaa",
    "from": "suport.com@gmail.oficial",
    "to": "IA@nayemail.com",
    "subject": "Usuário iniciou conversa com IA",
    "body": "Usuário Administrador Sistema (suport.com@gmail.oficial) iniciou uma nova conversa com a IA.\nID da Conversa: chat_1749749367066_4yf8exwnu",
    "date": "2025-06-12T17:29:29.095317",
    "read": true,
    "starred": false,
    "folder": "sent",
    "highlighted": false
  },
  {
    "id": "9a332e01-90ff-4d83-a989-fdf4b05b4e75",
    "from": "suport.com@gmail.oficial",
    "to": "IA@nayemail.com",
    "subject": "Usuário iniciou conversa com IA",
    "body": "Usuário Administrador Sistema (suport.com@gmail.oficial) iniciou uma nova conversa com a IA.\nID da Conversa: chat_1749900467701_r8vi6qxhg",
    "date": "2025-06-14T11:27:48.941314",
    "read": true,
    "starred": false,
    "folder": "sent",
    "highlighted": false
  },
  {
    "id": "297bd814-77a4-413b-839c-7499c4cd1d97",
    "from": "suport.com@gmail.oficial",
    "to": "IA@nayemail.com",
    "subject": "Usuário iniciou conversa com IA",
    "body": "Usuário Administrador Sistema (suport.com@gmail.oficial) iniciou uma nova conversa com a IA.\nID da Conversa: chat_1749900774862_zult7gtk4",
    "date": "2025-06-14T11:32:55.342302",
    "read": true,
    "starred": false,
    "folder": "sent",
    "highlighted": false
  },
  {
    "id": "96648994-d883-41f0-8057-78b52121081c",
    "from": "suport.com@gmail.oficial",
    "to": "suport.com@gmail.oficial",
    "subject": "🤖 Resumo da conversa com NayAI - 14/06/2025",
    "body": "\n🤖 Resumo da sua conversa com NayAI\n\n📅 Data: 14/06/2025, 08:32:59\n🆔 ID da Conversa: chat_1749900774862_zult7gtk4\n💬 Total de mensagens: 1\n\n━━━━━━━━━━━━━━━━━━━━━━━━━━━━━━━━━━\n\n[08:32:55] 🤖 NayAI: Olá! 👋 Eu sou a NayAI, sua assistente inteligente. Como posso ajudar você hoje?\n\n━━━━━━━━━━━━━━━━━━━━━━━━━━━━━━━━━━\n\n✨ Obrigado por usar a NayAI!\nEsperamos que a conversa tenha sido útil.\n\n📧 Este email foi gerado automaticamente pelo Sistema NayEmail\n    ",
    "date": "2025-06-14T11:33:00.018421",
    "read": true,
    "starred": false,
    "folder": "sent",
    "highlighted": false
  },
  {
    "id": "78084113-be49-4dfc-9499-da8e5b877b1e",
    "from": "suport.com@gmail.oficial",
    "to": "lindembergs297@dono",
    "subject": "Segunda-feiragendamento de 14:00eunião - [não sei Ónão sei não sei não sei lindembergsTerça-feira97@dono]",
    "body": "lindembergsTerça-feira97@donolá [lindembergsTerça-feira97@donolindembergsTerça-feira97@donolindembergsTerça-feira97@donolindembergsTerça-feira97@dono],\n\nGostaria de agendar uma reunião para discutir [não sei Ónão sei não sei não sei lindembergsTerça-feira97@dono].\n\nSugestões de horário:\n• [Segunda-feiraSegunda-feiranão sei Segunda-feiraSegunda-feira] às [14:00lindembergsTerça-feira97@dono14:00Segunda-feiraSegunda-feira]\n• [Segunda-feiraSegunda-feiranão sei Segunda-feiraTerça-feira] às [14:00lindembergsTerça-feira97@dono14:00Segunda-feiraTerça-feira]\n\nnão sei onfirme sua disponibilidade.\n\nSegunda-feiratenciosamente,",
    "date": "2025-06-14T11:35:19.060769",
    "read": true,
    "starred": false,
    "folder": "sent",
    "highlighted": false
  },
  {
    "id": "9ff6ae8a-eb9e-4cb4-9cb6-1585412de589",
    "from": "suport.com@gmail.oficial",
    "to": "IA@nayemail.com",
    "subject": "Usuário iniciou conversa com IA",
    "body": "Usuário Administrador Sistema (suport.com@gmail.oficial) iniciou uma nova conversa com a IA.\nID da Conversa: chat_1749901496689_smya7aztl",
    "date": "2025-06-14T11:44:57.181802",
    "read": true,
    "starred": false,
    "folder": "sent",
    "highlighted": false
  },
  {
    "id": "b55ad105-632b-45b6-ae5c-f17d1ecb2446",
    "from": "suport.com@gmail.oficial",
    "to": "suport.com@gmail.oficial",
    "subject": "🤖 Resumo da conversa com NayAI - 14/06/2025",
    "body": "\n🤖 Resumo da sua conversa com NayAI\n\n📅 Data: 14/06/2025, 08:45:05\n🆔 ID da Conversa: chat_1749901496689_smya7aztl\n💬 Total de mensagens: 1\n\n━━━━━━━━━━━━━━━━━━━━━━━━━━━━━━━━━━\n\n[08:44:57] 🤖 NayAI: Olá! 👋 Eu sou a NayAI, sua assistente inteligente. Como posso ajudar você hoje?\n\n━━━━━━━━━━━━━━━━━━━━━━━━━━━━━━━━━━\n\n✨ Obrigado por usar a NayAI!\nEsperamos que a conversa tenha sido útil.\n\n📧 Este email foi gerado automaticamente pelo Sistema NayEmail\n    ",
    "date": "2025-06-14T11:45:06.814408",
    "read": true,
    "starred": false,
    "folder": "sent",
    "highlighted": false
  },
  {
    "id": "83430585-c315-4205-b1d7-14ef40bdbb44",
    "from": "suport.com@gmail.oficial",
    "to": "IA@nayemail.com",
    "subject": "Usuário iniciou conversa com IA",
    "body": "Usuário Administrador Sistema (suport.com@gmail.oficial) iniciou uma nova conversa com a IA.\nID da Conversa: chat_1749901857048_udor8zh3i",
    "date": "2025-06-14T11:50:57.643728",
    "read": true,
    "starred": false,
    "folder": "sent",
    "highlighted": false
  },
  {
    "id": "9e26bab6-d46c-4ad1-a13b-2c134287b553",
    "from": "admin@nayemail.com",
    "to": "usuario@gmail.com",
    "subject": "[SISTEMA] nada",
    "body": "Nada ",
    "date": "2025-06-14T11:57:11.476357",
    "read": false,
    "starred": false,
    "folder": "inbox"
  },
  {
    "id": "0a13c853-84af-4ce4-9f7b-405fb4b9cde5",
    "from": "admin@nayemail.com",
    "to": "suport.com@gmail.oficial",
    "subject": "[SISTEMA] nada",
    "body": "Nada ",
    "date": "2025-06-14T11:57:11.476374",
    "read": true,
    "starred": false,
    "folder": "inbox"
  },
  {
    "id": "44e3a651-e87d-4983-989a-5f8493e71083",
    "from": "admin@nayemail.com",
    "to": "lindembergs297@dono",
    "subject": "[SISTEMA] nada",
    "body": "Nada ",
    "date": "2025-06-14T11:57:11.476393",
    "read": false,
    "starred": false,
    "folder": "inbox"
  },
  {
    "id": "b2827600-3fdc-4204-83a8-ab0d18a13288",
    "from": "admin@nayemail.com",
    "to": "lindembergs038@gmail.com",
    "subject": "[SISTEMA] nada",
    "body": "Nada ",
    "date": "2025-06-14T11:57:11.476406",
    "read": false,
    "starred": false,
    "folder": "inbox"
  },
  {
    "id": "6ab7a3b4-94ac-4f5f-a3be-fb1dd1312fa2",
    "from": "admin@nayemail.com",
    "to": "lindembergs297@gmail.com",
    "subject": "[SISTEMA] nada",
    "body": "Nada ",
    "date": "2025-06-14T11:57:11.476415",
    "read": false,
    "starred": false,
    "folder": "inbox"
  },
  {
    "id": "3f317e6b-9b30-43b4-92c4-8a17203b8021",
    "from": "admin@nayemail.com",
    "to": "vídeo@n",
    "subject": "[SISTEMA] nada",
    "body": "Nada ",
    "date": "2025-06-14T11:57:11.476424",
    "read": false,
    "starred": false,
    "folder": "inbox"
  },
  {
    "id": "5433d8ab-3e8d-4008-b119-8ec761a98b59",
    "from": "admin@nayemail.com",
    "to": "carlos.ferreira2024@gmail.com",
    "subject": "[SISTEMA] nada",
    "body": "Nada ",
    "date": "2025-06-14T11:57:11.476442",
    "read": false,
    "starred": false,
    "folder": "inbox"
  },
  {
    "id": "b2b064c2-847f-4e8a-9877-fb2400443836",
    "from": "admin@nayemail.com",
    "to": "demo@trailer.com",
    "subject": "[SISTEMA] nada",
    "body": "Nada ",
    "date": "2025-06-14T11:57:11.476454",
    "read": false,
    "starred": false,
    "folder": "inbox"
  },
  {
    "id": "41296e0f-ac19-43e9-82ba-b5e8bce50921",
    "from": "suport.com@gmail.oficial",
    "to": "IA@nayemail.com",
    "subject": "Usuário iniciou conversa com IA",
    "body": "Usuário Administrador Sistema (suport.com@gmail.oficial) iniciou uma nova conversa com a IA.\nID da Conversa: chat_1749908548159_hvc06uhu7",
    "date": "2025-06-14T13:42:28.620251",
    "read": true,
    "starred": false,
    "folder": "sent",
    "highlighted": false
  },
  {
    "id": "d052db7c-3228-42dd-82fa-d0e201062b30",
    "from": "suport.com@gmail.oficial",
    "to": "suport.com@gmail.oficial",
    "subject": "🤖 Resumo da conversa com NayAI - 14/06/2025",
    "body": "\n🤖 Resumo da sua conversa com NayAI\n\n📅 Data: 14/06/2025, 10:42:38\n🆔 ID da Conversa: chat_1749908548159_hvc06uhu7\n💬 Total de mensagens: 1\n\n━━━━━━━━━━━━━━━━━━━━━━━━━━━━━━━━━━\n\n[10:42:28] 🤖 NayAI: Olá! 👋 Eu sou a NayAI, sua assistente inteligente. Como posso ajudar você hoje?\n\n━━━━━━━━━━━━━━━━━━━━━━━━━━━━━━━━━━\n\n✨ Obrigado por usar a NayAI!\nEsperamos que a conversa tenha sido útil.\n\n📧 Este email foi gerado automaticamente pelo Sistema NayEmail\n    ",
    "date": "2025-06-14T13:42:38.981563",
    "read": true,
    "starred": false,
    "folder": "sent",
    "highlighted": false
  },
  {
    "id": "179f4860-65bc-4906-8f29-86ab0dec9938",
    "from": "sistema@nayemail.com",
    "to": "IA@nayemail.com",
    "subject": "💬 Nova conversa com Usuário Temporário - Chat chat_174",
    "body": "🤖 NOVA INTERAÇÃO COM IA\n\n👤 Usuário: Usuário Temporário (temp_user@nayemail.com)\n🆔 Chat ID: chat_1749908548159_hvc06uhu7\n📅 Data: 14/06/2025 às 13:42:41\n\n💬 MENSAGEM DO USUÁRIO:\nOl\n\n🤖 RESPOSTA DA IA:\n✨ Legal! Quer saber algo sobre o sistema de emails ou prefere conversar sobre outro assunto?\n\n━━━━━━━━━━━━━━━━━━━━━━━━━━━━━━━\n\n📊 ESTATÍSTICAS:\n• Status: Conversa ativa\n• Plataforma: NayEmail IA Assistant\n• Tipo: Chat em tempo real\n\n🔗 Sistema NayEmail - IA Conversacional",
    "date": "2025-06-14T13:42:41.633623",
    "read": false,
    "starred": false,
    "folder": "inbox",
    "ai_chat_log": true,
    "chat_id": "chat_1749908548159_hvc06uhu7"
  },
  {
    "id": "93641a9c-7610-478b-ab78-9f884f5cbaed",
    "from": "sistema@nayemail.com",
    "to": "IA@nayemail.com",
    "subject": "💬 Nova conversa com Usuário Temporário - Chat chat_174",
    "body": "🤖 NOVA INTERAÇÃO COM IA\n\n👤 Usuário: Usuário Temporário (temp_user@nayemail.com)\n🆔 Chat ID: chat_1749908548159_hvc06uhu7\n📅 Data: 14/06/2025 às 13:42:45\n\n💬 MENSAGEM DO USUÁRIO:\nTudo bem\n\n🤖 RESPOSTA DA IA:\n😊 Entendi! Como posso ajudar melhor? Posso explicar sobre o sistema ou só bater papo.\n\n━━━━━━━━━━━━━━━━━━━━━━━━━━━━━━━\n\n📊 ESTATÍSTICAS:\n• Status: Conversa ativa\n• Plataforma: NayEmail IA Assistant\n• Tipo: Chat em tempo real\n\n🔗 Sistema NayEmail - IA Conversacional",
    "date": "2025-06-14T13:42:45.411077",
    "read": false,
    "starred": false,
    "folder": "inbox",
    "ai_chat_log": true,
    "chat_id": "chat_1749908548159_hvc06uhu7"
  },
  {
    "id": "adcc45f9-dc2e-4ecf-9428-d5cda785e8a9",
    "from": "sistema@nayemail.com",
    "to": "IA@nayemail.com",
    "subject": "💬 Nova conversa com Usuário Temporário - Chat chat_174",
    "body": "🤖 NOVA INTERAÇÃO COM IA\n\n👤 Usuário: Usuário Temporário (temp_user@nayemail.com)\n🆔 Chat ID: chat_1749908548159_hvc06uhu7\n📅 Data: 14/06/2025 às 13:42:48\n\n💬 MENSAGEM DO USUÁRIO:\nAnunciar\n\n🤖 RESPOSTA DA IA:\n🎯 Entendo seu ponto! Como assistente do NayEmail, posso ajudar com qualquer dúvida do sistema.\n\n━━━━━━━━━━━━━━━━━━━━━━━━━━━━━━━\n\n📊 ESTATÍSTICAS:\n• Status: Conversa ativa\n• Plataforma: NayEmail IA Assistant\n• Tipo: Chat em tempo real\n\n🔗 Sistema NayEmail - IA Conversacional",
    "date": "2025-06-14T13:42:48.785591",
    "read": false,
    "starred": false,
    "folder": "inbox",
    "ai_chat_log": true,
    "chat_id": "chat_1749908548159_hvc06uhu7"
  }
]