{
  "usuario@gmail.com": {
    "email": "@gmail.com",
    "name": "Usuário Exemplo",
    "password": "e10adc3949ba59abbe56e057f20f883e",
    "created_at": "2025-06-08T01:16:30.836221",
    "profile_pic": "https://ui-avatars.com/api/?name=Usuario+Exemplo&background=4285f4&color=fff",
    "disabled": false
  },
  "suport.com@gmail.oficial": {
    "email": "suport.com@gmail.oficial",
    "name": "Administrador Sistema",
    "password": "0192023a7bbd73250516f069df18b500",
    "created_at": "2025-06-08T01:25:33.863107",
    "profile_pic": "https://ui-avatars.com/api/?name=Admin&background=ff0000&color=fff",
    "is_admin": true,
    "user_id": "admin_001",
    "disabled": false,
    "last_login": "2025-06-14T13:41:58.302018",
    "theme": "blue"
  },
  "lindembergs297@dono": {
    "email": "lindembergs297@dono",
    "name": "Lindembergs297",
    "password": "04445c3aba7d2eea083a0c4222309e06",
    "created_at": "2025-06-08T01:28:15.371757",
    "profile_pic": "https://ui-avatars.com/api/?name=lindembergs297&background=4285f4&color=fff",
    "is_admin": false,
    "user_id": "user_003",
    "last_login": "2025-06-11T15:21:22.882558",
    "disabled": false,
    "demo_account": true,
    "show_trailer": true,
    "trailer_type": "fast",
    "theme": "green"
  },
  "lindembergs038@gmail.com": {
    "email": "lindembergs038@gmail.com",
    "name": "Lindembergs038",
    "password": "04445c3aba7d2eea083a0c4222309e06",
    "created_at": "2025-06-08T01:35:26.194282",
    "profile_pic": "https://ui-avatars.com/api/?name=lindembergs038&background=4285f4&color=fff",
    "is_admin": false,
    "user_id": "user_004",
    "disabled": true
  },
  "lindembergs297@gmail.com": {
    "email": "lindembergs297@gmail.com",
    "name": "Lindemberg oliveira",
    "password": "04445c3aba7d2eea083a0c4222309e06",
    "user_id": "user_005",
    "created_at": "2025-06-08T18:38:34.691780",
    "profile_pic": "https://ui-avatars.com/api/?name=Lindemberg oliveira&background=4285f4&color=fff",
    "is_admin": false,
    "disabled": false,
    "security_questions": {
      "question1": "Qual o nome da sua primeira escola?",
      "answer1_hash": "70d5c017158a635272db360ef3c7e945",
      "question2": "Qual o seu livro favorito?",
      "answer2_hash": "70d5c017158a635272db360ef3c7e945",
      "created_at": "2025-06-08T18:38:34.691792"
    }
  },
  "admin@nayemail.com": {
    "email": "admin@nayemail.com",
    "name": "Administrador NayEmail",
    "password": "0192023a7bbd73250516f069df18b500",
    "created_at": "2025-06-11T01:09:16.763783",
    "profile_pic": "https://ui-avatars.com/api/?name=NayEmail+Admin&background=6c63ff&color=fff",
    "is_admin": true,
    "user_id": "admin_001",
    "theme": "default",
    "language": "pt-BR",
    "signature": "Administrador NayEmail\nSistema de Email Inteligente"
  },
  "vídeo@n": {
    "email": "suport.com@gmail.oficial123",
    "name": "Usuário Demonstração",
    "password": "5058f1af8388633f609cadb75a75dc9d",
    "created_at": "2025-06-11T15:30:00.000000",
    "profile_pic": "https://ui-avatars.com/api/?name=Demo+User&background=ff6b35&color=fff",
    "is_admin": false,
    "user_id": "demo_001",
    "theme": "default",
    "language": "pt-BR",
    "demo_account": true,
    "show_trailer": true,
    "disabled": false
  },
  "carlos.ferreira2024@gmail.com": {
    "email": "carlos.ferreira2024@gmail.com",
    "name": "Carlos Roberto Ferreira",
    "password": "e10adc3949ba59abbe56e057f20f883e",
    "created_at": "2025-06-11T16:15:30.123456",
    "profile_pic": "https://ui-avatars.com/api/?name=Carlos+Roberto+Ferreira&background=2196f3&color=fff",
    "is_admin": false,
    "user_id": "user_006",
    "theme": "blue",
    "language": "pt-BR",
    "disabled": false,
    "security_questions": {
      "question1": "Qual o nome da sua cidade natal?",
      "answer1_hash": "5d41402abc4b2a76b9719d911017c592",
      "question2": "Qual o nome do seu primeiro carro?",
      "answer2_hash": "098f6bcd4621d373cade4e832627b4f6",
      "created_at": "2025-06-11T16:15:30.123468"
    },
    "signature": "Carlos Roberto Ferreira\nAnalista de Sistemas\nTelefone: (11) 99876-5432"
  },
  "demo@trailer.com": {
    "email": "demo@trailer.com",
    "name": "Usuário Demo Trailer",
    "password": "e10adc3949ba59abbe56e057f20f883e",
    "created_at": "2025-06-11T17:00:00.000000",
    "profile_pic": "https://ui-avatars.com/api/?name=Demo+Trailer&background=ff6b35&color=fff",
    "is_admin": false,
    "user_id": "demo_trailer_001",
    "theme": "default",
    "language": "pt-BR",
    "disabled": false,
    "demo_account": true,
    "show_trailer": true,
    "trailer_type": "fast",
    "signature": "Usuário Demo\nSistema de Trailer Rápido\nNayEmail Demo"
  }
}